10021,10021.1,10021.2,10022,10022.1,10022.2,10022.3,10022.4,10022.5,10022.6,10022.7,10022.8,10022.9,10022.10,10023,10023.1,10023.2,10023.3,10023.4,10023.5,10023.6,10023.7,10023.8,10023.9,10023.10,10024,10024.1,10024.2,10024.3,10024.4,10024.5,10024.6,10025,10025.1,10025.2,10025.3,10025.4,10025.5,10025.6,10026,10026.1,10026.2,10026.3,10026.4,10026.5,10026.6,10027,10027.1,10028,10029,10029.1,10030,10031,10031.1,10032,10032.1,10032.2,10032.3,10033,10033.1,10033.2,10033.3,10033.4,10033.5,10033.6,10033.7,10034,10034.1,10034.2,10034.3,10034.4,10034.5,10034.6,10035,10035.1,10035.2,10035.3,10035.4,10035.5,10035.6,10036
10019,10019,10019,10019,10019,10020,10020,10020,10020,10020,10020,10020,10020,10020,10020,10020,10020,10021,10021,10021,10021,10021,10021,10021,10021,10021,10021,10021,10022,10022,10022,10022,10022,10022,10022,10023,10023,10023,10023,10023,10023,10023,10023,10024,10024,10024,10024,10025,10025,10026,10026,10027,10028,10028,10029,10029,10029,10029,10029,10029,10030,10030,10030,10030,10030,10030,10030,10030,10030,10031,10031,10031,10031,10031,10031,10031,10031,10032,10032,10032,10032
10017,10017,10017,10017,10017,10017,10017,10018,10018,10018,10018,10018,10018,10018,10018,10018,10018,10018,10018,10018,10018,10019,10019,10019,10019,10019,10019,10019,10019,10019,10019,10020,10020,10020,10020,10020,10020,10020,10020,10020,10021,10021,10021,10021,10021,10021,10021,10022,10022,10023,10023,10024,10025,10025,10026,10026,10026,10026,10026,10026,10026,10026,10026,10027,10027,10027,10027,10027,10027,10027,10027,10027,10028,10028,10028,10028,10028,10028,10028,10028,10028
10015,10015,10015,10015,10015,10015,10015,10015,10015,10015,10016,10016,10016,10016,10016,10016,10016,10016,10016,10016,10016,10016,10016,10016,10016,10017,10017,10017,10017,10017,10017,10017,10017,10017,10017,10018,10018,10018,10018,10018,10018,10018,10018,10018,10018,10019,10019,10019,10020,10020,10021,10021,10021,10022,10022,10023,10023,10023,10023,10023,10023,10023,10023,10023,10023,10023,10024,10024,10024,10024,10024,10024,10024,10024,10024,10024,10024,10025,10025,10025,10025
10013,10013,10013,10013,10013,10013,10013,10013,10013,10013,10013,10013,10013,10013,10014,10014,10014,10014,10014,10014,10014,10014,10014,10014,10014,10014,10014,10014,10014,10014,10015,10015,10015,10015,10015,10015,10015,10015,10015,10015,10015,10016,10016,10016,10016,10016,10016,10016,10017,10017,10018,10018,10018,10019,10019,10019,10019,10019,10020,10020,10020,10020,10020,10020,10020,10020,10020,10020,10020,10020,10020,10020,10020,10020,10020,10020,10020,10021,10021,10021,10021
10011,10011,10011,10011,10011,10011,10011,10011,10011,10011,10011,10011,10011,10011,10011,10011,10011,10011,10011,10012,10012,10012,10012,10012,10012,10012,10012,10012,10012,10012,10012,10012,10012,10012,10012,10013,10013,10013,10013,10013,10013,10013,10013,10013,10013,10013,10013,10014,10014,10014,10015,10015,10015,10016,10016,10016,10016,10016,10016,10016,10016,10016,10017,10017,10017,10017,10017,10017,10017,10017,10017,10017,10017,10017,10017,10017,10017,10018,10018,10018,10018
10009,10009,10009,10009,10009,10009,10009,10009,10009,10009,10009,10009,10009,10009,10009,10009,10009,10009,10009,10009,10009,10009,10009,10009,10009,10009,10009,10010,10010,10010,10010,10010,10010,10010,10010,10010,10010,10010,10010,10010,10010,10010,10010,10010,10011,10011,10011,10011,10011,10011,10012,10012,10012,10013,10013,10013,10013,10013,10013,10013,10013,10013,10013,10013,10013,10013,10013,10014,10014,10014,10014,10014,10014,10014,10014,10014,10014,10014,10014,10014,10014
10006,10006,10006,10006,10006,10007,10007,10007,10007,10007,10007,10007,10007,10007,10007,10007,10007,10007,10007,10007,10007,10007,10007,10007,10007,10007,10007,10007,10007,10007,10007,10007,10007,10007,10007,10008,10008,10008,10008,10008,10008,10008,10008,10008,10008,10008,10008,10008,10008,10009,10009,10009,10009,10009,10010,10010,10010,10010,10010,10010,10010,10010,10010,10010,10010,10010,10010,10010,10010,10010,10010,10010,10010,10010,10010,10010,10010,10011,10011,10011,10011
10004,10004,10004,10004,10004,10004,10004,10004,10004,10004,10004,10004,10004,10004,10005,10005,10005,10005,10005,10005,10005,10005,10005,10005,10005,10005,10005,10005,10005,10005,10005,10005,10005,10005,10005,10005,10005,10005,10005,10005,10005,10005,10005,10005,10005,10005,10005,10005,10006,10006,10006,10006,10006,10006,10006,10006,10006,10006,10007,10007,10007,10007,10007,10007,10007,10007,10007,10007,10007,10007,10007,10007,10007,10007,10007,10007,10007,10007,10007,10007,10007
10002,10002,10002,10002,10002,10002,10002,10002,10002,10002,10002,10002,10002,10002,10002,10002,10002,10002,10002,10002,10002,10002,10002,10002,10002,10002,10002,10002,10002,10002,10002,10002,10002,10002,10002,10003,10003,10003,10003,10003,10003,10003,10003,10003,10003,10003,10003,10003,10003,10003,10003,10003,10003,10003,10003,10003,10003,10003,10003,10003,10003,10003,10003,10003,10003,10003,10003,10003,10003,10003,10003,10003,10003,10003,10003,10003,10003,10004,10004,10004,10004
10000,10000,10000,10000,10000,10000,10000,10000,10000,10000,10000,10000,10000,10000,10000,10000,10000,10000,10000,10000,10000,10000,10000,10000,10000,10000,10000,10000,10000,10000,10000,10000,10000,10000,10000,10000,10000,10000,10000,10000,10000,10000,10000,10000,10000,10000,10000,10000,10000,10000,10000,10000,10000,10000,10000,10000,10000,10000,10000,10000,10000,10000,10000,10000,10000,10000,10000,10000,10000,10000,10000,10000,10000,10000,10000,10000,10000,10000,10000,10000,10000
9998,9998,9998,9998,9998,9998,9998,9998,9998,9998,9998,9998,9998,998,9998,9998,9998,9998,9998,9998,9998,9998,9998,9998,9998,9998,9998,9998,9998,9998,9998,9998,9998,9998,9998,9997,9997,9997,9997,9997,9997,9997,9997,9997,9997,9997,9997,9997,9997,9997,9997,9997,9997,9997,9997,9997,9997,9997,9997,9997,9997,9997,9997,9997,9997,9997,9997,9997,9997,9997,9997,9997,9997,9997,9997,9997,9997,9996,9996,9996,9996
9996,9996,9996,9996,9996,9996,9996,9996,9996,9996,9996,9996,9996,9996,9995,9995,9995,9995,9995,9995,9995,9995,9995,9995,9995,9995,9995,9995,9995,9995,9995,9995,9995,9995,9995,9995,9995,9995,9995,9995,9995,9995,9995,9995,9995,9995,9995,9995,9994,9994,9994,9994,9994,9994,9994,9994,9994,9994,9993,9993,9993,9993,9993,9993,9993,9993,9993,9993,9993,9993,9993,9993,9993,9993,9993,9993,9993,9993,9993,9993,9993
9994,9994,9994,9994,9993,9993,9993,9993,9993,9993,9993,9993,9993,9993,9993,9993,9993,9993,9993,9993,9993,9993,9993,9993,9993,9993,9993,9993,9993,9993,9993,9993,9993,9993,9993,9992,9992,9992,9992,9992,9992,9992,9992,9992,9992,9992,9992,9992,9992,9991,9991,9991,9991,9991,9990,9990,9990,9990,9990,9990,9990,9990,9990,9990,9990,9990,9990,9990,9990,9990,9990,9990,9990,9990,9990,9990,9989,9989,9989,9989,9989
9991,9991,9991,9991,9991,9991,9991,9991,9991,9991,9991,9991,9991,9991,9991,9991,9991,9991,9991,9991,9991,9991,9991,9991,9991,9991,9990,9990,9990,9990,9990,9990,9990,9990,9990,9990,9990,9990,9990,9990,9990,9990,9990,9990,9989,9989,9989,9989,9989,9989,9988,9988,9988,9987,9987,9987,9987,9987,9987,9987,9987,9987,9987,9987,9987,9987,9987,9986,9986,9986,9986,9986,9986,9986,9986,9986,9986,9986,9986,9986,9986
9989,9989,9989,9989,9989,9989,9989,9989,9989,9989,9989,9989,9989,9989,9989,9989,9989,9989,9989,9988,9988,9988,9988,9988,9988,9988,9988,9988,9988,9988,9988,9988,9988,9988,9988,9987,9987,9987,9987,9987,9987,9987,9987,9987,9987,9987,9987,9986,9986,9986,9985,9985,9985,9984,9984,9984,9984,9984,9984,9984,9984,9984,9983,9983,9983,9983,9983,9983,9983,9983,9983,9983,9983,9983,9983,9983,9982,9982,9982,9982,9982
9987,9987,9987,9987,9987,9987,9987,9987,9987,9987,9987,9987,9987,9987,9986,9986,9986,9986,9986,9986,9986,9986,9986,9986,9986,9986,9986,9986,9986,9985,9985,9985,9985,9985,9985,9985,9985,9985,9985,9985,9985,9984,9984,9984,9984,9984,9984,9984,9983,9983,9982,9982,9982,9981,9981,9981,9981,9981,9980,9980,9980,9980,9980,9980,9980,9980,9980,9980,9980,9980,9979,9979,9979,9979,9979,9979,9979,9979,9979,9979,9979
9985,9985,9985,9985,9985,9985,9985,9985,9985,9985,9984,9984,9984,9984,9984,9984,9984,9984,9984,9984,9984,9984,9984,9984,9984,9983,9983,9983,9983,9983,9983,9983,9983,9983,9983,9982,9982,9982,9982,9982,9982,9982,9982,9982,9982,9981,9981,9981,9980,9980,9979,9979,9979,9978,9978,9977,9977,9977,9977,9977,9977,9977,9977,9977,9977,9977,9976,9976,9976,9975,9976,9976,9976,9976,9976,9976,9975,9975,9975,9975,9975
9983,9983,9983,9983,9983,9983,9983,9982,9982,9982,9982,9982,9982,9982,9982,9982,9982,9982,9982,9982,9982,9981,9981,9981,9981,9981,9981,9981,9981,9981,9981,9980,9980,9980,9980,9980,9980,9980,9980,9980,9979,9979,9979,9979,9979,9979,9979,9978,9978,9977,9977,9976,9975,9975,9974,9974,9974,9974,9974,9974,9974,9974,9973,9973,9973,9973,9973,9973,9973,9973,9973,9973,9972,9972,9972,9972,9972,9972,9972,9972,9972
9981,9981,9981,9981,9980,9980,9980,9980,9980,9980,9980,9980,9980,9980,9980,9980,9980,9979,9979,9979,9979,9979,9979,9979,9979,9979,9979,9978,9978,9978,9978,9978,9978,9978,9978,9977,9977,9977,9977,9977,9977,9977,9977,9976,9976,9976,9976,9975,9975,9974,9974,9973,9972,9972,9971,9971,9971,9971,9971,9971,9970,9970,9970,9970,9970,9970,9970,9970,9969,9969,9969,9969,9969,9969,9969,9969,9968,9968,9968,9968,9968
9979,9979,9978,9978,9978,9978,9978,9978,9978,9978,9978,9978,9978,9978,9977,9977,9977,9977,9977,9977,9977,9977,9977,9977,9977,9976,9976,9976,9976,9976,9976,9976,9975,9975,9975,9975,9975,9975,9975,9974,9974,9974,9974,9974,9974,9973,9973,9973,9972,9971,9971,9970,9969,9969,9968,9968,9968,9968,9967,9967,9967,9967,9967,9967,9967,9966,9966,9966,9966,9966,9966,9966,9966,9965,9965,9965,9965,9965,9965,9965,9964
9977,9976,9976,9976,9976,9976,9976,9976,9976,9976,9976,9975,9975,9975,9975,9975,9975,9975,9975,9975,9975,9974,9974,9974,9974,9974,9974,9974,9974,9973,9973,9973,9973,9973,9973,9972,9972,9972,9972,9972,9972,9971,9971,9971,9971,9971,9971,9970,9969,9968,9968,9967,9966,9965,9965,9965,9964,9964,9964,9964,9964,9964,9964,9963,9963,9963,9963,9963,9963,9963,9962,9962,9962,9962,9962,9962,9961,9961,9961,9961,9961
9974,9974,9974,9974,9974,9974,9974,9974,9974,9973,9973,9973,9973,9973,9973,9973,9973,9973,9972,9972,9972,9972,9972,9972,9972,9972,9971,9971,9971,9971,9971,9971,9970,9970,9970,9970,9970,9970,9969,9969,9969,9969,9969,9969,9968,9968,9968,9967,9966,9966,9965,9964,9963,9962,9962,9961,9961,9961,9961,9961,9961,9960,9960,9960,9960,9960,9960,9959,9959,9959,9959,9959,9959,9958,9958,9958,9958,9958,9958,9957,9957
9972,9972,9972,9972,9972,9972,9972,9971,9971,9971,9971,9971,9971,9971,9971,9971,9970,9970,9970,9970,9970,9970,9970,9970,9969,9969,9969,9969,9969,9969,9968,9968,9968,9968,9968,9967,9967,9967,9967,9967,9966,9966,9966,9966,9966,9966,9965,9964,9964,9963,9962,9961,9960,9959,9958,9958,9958,9958,9958,9957,9957,9957,9957,9957,9957,9956,9956,9956,9956,9956,9956,9955,9955,9955,9955,9955,9954,9954,9954,9954,9954
9970,9970,9970,9970,9970,9970,9969,9969,9969,9969,9969,9969,9969,9968,9968,9968,9968,9968,9968,9968,9968,9967,9967,9967,9967,9967,9967,9967,9966,9966,9966,9966,9966,9965,9965,9965,9965,9965,9964,9964,9964,9964,9964,9963,9963,9963,9963,9962,9961,9960,9959,9958,9957,9956,9955,9955,9955,9955,9954,9954,9954,9954,9954,9953,9953,9953,9953,9953,9952,9952,9952,9952,9952,9952,9951,9951,9951,9951,9951,9950,9950
9968,9968,9968,9968,9967,9967,9967,9967,9967,9967,9967,9967,9966,9966,9966,9966,9966,9966,9966,9965,9965,9965,9965,9965,9965,9965,9964,9964,9964,9964,9963,9963,9963,9963,9963,9962,9962,9962,9962,9962,9961,9961,9961,9961,9960,9960,9960,9959,9958,9957,9956,9955,9954,9953,9952,9952,9951,9951,9951,9951,9951,9950,9950,9950,9950,9950,9949,9949,9949,9949,9949,9948,9948,9948,9948,9948,9947,9947,9947,9947,9947
9966,9966,9966,9965,9965,9965,9965,9965,9965,9965,9964,9964,9964,9964,9964,9964,9964,9963,9963,9963,9963,9963,9963,9963,9962,9962,9962,9962,9962,9961,9961,9961,9961,9960,9960,9960,9960,9959,9959,9959,9959,9959,9958,9958,9958,9958,9957,9956,9955,9954,9953,9952,9951,9950,9949,9948,9948,9948,9948,9948,9947,9947,9947,9947,9947,9946,9946,9946,9946,9945,9945,9945,9945,9945,9944,9944,9944,9944,9943,9943,9943
9964,9964,9963,9963,9963,9963,9963,9963,9963,9962,9962,9962,9962,9962,9962,9961,9961,9961,9961,9961,9961,9961,9960,9960,9960,9960,9960,9959,9959,9959,9959,9958,9958,9958,9958,9957,9957,9957,9957,9956,9956,9956,9956,9955,9955,9955,9955,9954,9952,9951,9950,9949,9948,9947,9945,9945,9945,9945,9945,9944,9944,9944,9944,9943,9943,9943,9943,9942,9942,9942,9942,9942,9941,9941,9941,9941,9940,9940,9940,9940,9939
9962,9961,9961,9961,9961,9961,9961,9960,9960,9960,9960,9960,9960,9959,9959,9959,9959,9959,9959,9959,9958,9958,9958,9958,9958,9957,9957,9957,9957,9956,9956,9956,9956,9955,9955,9955,9955,9954,9954,9954,9954,9953,9953,9953,9953,9952,9952,9951,9950,9948,9947,9946,9945,9943,9942,9942,9942,9942,9941,9941,9941,9941,9940,9940,9940,9940,9939,9939,9939,9939,9938,9938,9938,9938,9937,9937,9937,9937,9936,9936,9936
9959,9959,9959,9959,9959,9959,9958,9958,9958,9958,9958,9958,9957,9957,9957,9957,9957,9957,9956,9956,9956,9956,9956,9956,9955,9955,9955,9955,9954,9954,9954,9953,9953,9953,9953,9952,9952,9952,9952,9951,9951,9951,9950,9950,9950,9950,9949,9948,9947,9945,9944,9943,9942,9940,9939,9939,9939,9938,9938,9938,9937,9937,9937,9937,9936,9936,9936,9936,9935,9935,9935,9935,9934,9934,9934,9934,9933,9933,9933,9933,9932
9957,9957,9957,9957,9957,9956,9956,9956,9956,9956,9956,9955,9955,9955,9955,9955,9954,9954,9954,9954,9954,9954,9953,9953,9953,9953,9952,9952,9952,9952,9951,9951,9951,9950,9950,9950,9950,9949,9949,9949,9948,9948,9948,9948,9947,9947,9947,9945,9944,9943,9941,9940,9939,9937,9936,9936,9935,9935,9935,9934,9934,9934,9934,9933,9933,9933,9933,9932,9932,9932,9932,9931,9931,9931,9930,9930,9930,9930,9929,9929,9929
9955,9955,9955,9955,9954,9954,9954,9954,9954,9953,9953,9953,9953,9953,9953,9952,9952,9952,9952,9952,9951,9951,9951,9951,9951,9950,9950,9950,9949,9949,9949,9949,9948,9948,9948,9947,9947,9947,9946,9946,9946,9946,9945,9945,9945,9944,9944,9943,9941,9940,9938,9937,9935,9934,9933,9932,9932,9932,9931,9931,9931,9931,9930,9930,9930,9930,9929,9929,9929,9928,9928,9928,9928,9927,9927,9927,9926,9926,9926,9925,9925
9953,9953,9953,9952,9952,9952,9952,9952,9951,9951,9951,9951,9951,9950,9950,9950,9950,9950,9949,9949,9949,9949,9949,9948,9948,9948,9948,9947,9947,9947,9946,9946,9946,9945,9945,9945,9945,9944,9944,9944,9943,9943,9943,9942,9942,9942,9941,9940,9938,9937,9935,9934,9932,9931,9929,9929,9929,9928,9928,9928,9928,9927,9927,9927,9926,9926,9926,9926,9925,9925,9925,9924,9924,9924,9923,9923,9923,9923,9922,9922,9922
9951,9951,9950,9950,9950,9950,9950,9949,9949,9949,9949,9949,9948,9948,9948,9948,9948,9947,9947,9947,9947,9947,9946,9946,9946,9946,9945,9945,9945,9944,9944,9944,9943,9943,9943,9942,9942,9942,9941,9941,9941,9940,9940,9940,9939,9939,9939,9937,9936,9934,9932,9931,9929,9928,9926,9926,9926,9925,9925,9925,9924,9924,9924,9923,9923,9923,9922,9922,9922,9922,9921,9921,9921,9920,9920,9920,9919,9919,9919,9918,9918
9949,9949,9948,9948,9948,9948,9947,9947,9947,9947,9947,9946,9946,9946,9946,9946,9945,9945,9945,9945,9944,9944,9944,9944,9944,9943,9943,9943,9942,9942,9942,9941,9941,9941,9940,9940,9939,9939,9939,9938,9938,9938,9937,9937,9937,9936,9936,9934,9933,9931,9929,9928,9926,9925,9923,9923,9922,9922,9922,9921,9921,9921,9920,9920,9920,9919,9919,9919,9918,9918,9918,9917,9917,9917,9916,9916,9916,9915,9915,9915,9914
9947,9946,9946,9946,9946,9946,9945,9945,9945,9945,9944,9944,9944,9944,9943,9943,9943,9943,9943,9942,9942,9942,9942,9941,9941,9941,9941,9940,9940,9939,9939,9939,9938,9938,9938,9937,9937,9937,9936,9936,9936,9935,9935,9934,9934,9934,9933,9932,9930,9928,9927,9925,9923,9921,9920,9919,9919,9919,9918,9918,9918,9917,9917,9917,9916,9916,9916,9915,9915,9915,9914,9914,9914,9913,9913,9913,9912,9912,9912,9911,9911
9944,9944,9944,9944,9944,9943,9943,9943,9943,9942,9942,9942,9942,9941,9941,9941,9941,9941,9940,9940,9940,9940,9939,9939,9939,9939,9938,9938,9937,9937,9937,9936,9936,9936,9935,9935,9934,9934,9934,9933,9933,9933,9932,9932,9931,9931,9931,9929,9927,9925,9924,9922,9920,9918,9916,9916,9916,9915,9915,9915,9914,9914,9914,9913,9913,9913,9912,9912,9912,9911,9911,9911,9910,9910,9910,9910,9909,9908,9908,9908,9907
9942,9942,9942,9942,9941,9941,9941,9941,9940,9940,9940,9940,9939,9939,9939,9939,9938,9938,9938,9938,9937,9937,9937,9937,9936,9936,9936,9935,9935,9935,9934,9934,9933,9933,9933,9932,9932,9932,9931,9931,9930,9930,9930,9929,9929,9928,9928,9926,9924,9922,9921,9919,9917,9915,9913,9913,9913,9912,9912,9911,9911,9911,9910,9910,9910,9909,9909,9909,9908,9908,9907,9907,9907,9906,9906,9906,9905,9905,9905,9904,9904
9940,9940,9940,9939,9939,9939,9939,9938,9938,9938,9938,9937,9937,9937,9937,9936,9936,9936,9936,9935,9935,9935,9935,9934,9934,9934,9933,9933,9933,9932,9932,9931,9931,9931,9930,9930,9929,9929,9929,9928,9928,9927,9927,9927,9926,9926,9925,9923,9922,9920,9918,9916,9914,9912,9910,9910,9909,9909,9909,9908,9908,9907,9907,9907,9906,9906,9906,9905,9905,9904,9904,9904,9903,9903,9903,9902,9902,9901,9901,9901,9900
9938,9938,9938,9937,9937,9937,9937,9936,9936,9936,9935,9935,9935,9935,9934,9934,9934,9934,9933,9933,9933,9933,9932,9932,9932,9931,9931,9931,9930,9930,9929,9929,9929,9928,9928,9927,9927,9926,9926,9926,9925,9925,9924,9924,9923,9923,9923,9921,9919,9917,9915,9913,9911,9909,9907,9906,9906,9906,9905,9905,9905,9904,9904,9903,9903,9903,9902,9902,9901,9901,9901,9900,9900,9899,9899,9899,9898,9898,9897,9897,9897
9936,9936,9935,9935,9935,9935,9934,9934,9934,9934,9933,9933,9933,9932,9932,9932,9932,9931,9931,9931,9931,9930,9930,9930,9929,9929,9929,9928,9928,9927,9927,9926,9926,9926,9925,9925,9924,9924,9923,9923,9923,9922,9922,9921,9920,9920,9920,9918,9916,9914,9912,9910,9908,9906,9904,9903,9903,9902,9902,9902,9901,9901,9900,9900,9900,9899,9899,9898,9898,9898,9897,9897,9896,9896,9896,9895,9895,9894,9894,9893,9893
9934,9934,9933,9933,9933,9932,9932,9932,9932,9931,9931,9931,9930,9930,9930,9930,9929,9929,9929,9928,9928,9928,9928,9927,9927,9927,9926,9926,9925,9925,9924,9924,9924,9923,9923,9922,9922,9921,9921,9920,9920,9920,9919,9919,9918,9918,9917,9915,9913,9911,9909,9907,9905,9903,9900,9900,9900,9899,9899,9898,9898,9898,9897,9897,9896,9896,9895,9895,9895,9894,9894,9893,9893,9892,9892,9892,9891,9891,9890,9890,9889
9932,9931,9931,9931,9931,9930,9930,9930,9929,9929,9929,9928,9928,9928,9928,9927,9927,9927,9926,9926,9926,9926,9925,9925,9925,9924,9924,9923,9923,9922,9922,9922,9921,9921,9920,9920,9919,9919,9918,9918,9917,9917,9916,9916,9916,9915,9915,9912,9910,9908,9906,9904,9902,9899,9897,9897,9896,9896,9895,9895,9895,9894,9894,9893,9893,9892,9892,9892,9891,9891,9890,9890,9889,9889,9889,9888,9888,9887,9887,9886,9886
9930,9929,9929,9929,9928,9928,9928,9927,9927,9927,9927,9926,9926,9926,9925,9925,9925,9924,9924,9924,9924,9923,9923,9923,9922,9922,9921,9921,9921,9920,9920,9919,9919,9918,9918,9917,9917,9916,9916,9915,9915,9914,9914,9913,9913,9912,9912,9910,9907,9905,9903,9901,9898,9896,9894,9894,9893,9893,9892,9892,9891,9891,9890,9890,9890,9889,9889,9888,9888,9887,9887,9886,9886,9886,9885,9885,9884,9884,9883,9883,9882
9927,9927,9927,9926,9926,9926,9926,9925,9925,9925,9924,9924,9924,9923,9923,9923,9922,9922,9922,9922,9921,9921,9921,9920,9920,9920,9919,9919,9918,9918,9917,9917,9916,9916,9915,9915,9914,9914,9913,9913,9912,9912,9911,9911,9910,9910,9909,9907,9905,9902,9900,9898,9895,9893,9891,9890,9890,9889,9889,9888,9888,9888,9887,9887,9886,9886,9885,9885,9884,9884,9883,9883,9882,9882,9882,9881,9881,9880,9880,9879,9879
9925,9925,9925,9924,9924,9924,9923,9923,9923,9922,9922,9922,9921,9921,9921,9921,9920,9920,9920,9919,9919,9919,9918,9918,9918,9917,9917,9916,9916,9915,9915,9914,9914,9913,9913,9912,9912,9911,9911,9910,9910,9909,9909,9908,9908,9907,9907,9904,9902,9899,9897,9895,9892,9890,9887,9887,9887,9886,9886,9885,9885,9884,9884,9883,9883,9882,9882,9881,9881,9880,9880,9879,9879,9879,9878,9878,9877,9877,9876,9876,9875
9923,9923,9922,9922,9922,9921,9921,9921,9921,9920,9920,9920,9919,9919,9919,9918,9918,9918,9917,9917,9917,9916,9916,9916,9915,9915,9914,9914,9913,9913,9912,9912,9911,9911,9910,9910,9909,9909,9908,9908,9907,9907,9906,9905,9905,9904,9904,9901,9899,9897,9894,9892,9889,9887,9884,9884,9883,9883,9882,9882,9881,9881,9880,9880,9879,9879,9878,9878,9878,9877,9877,9876,9876,9875,9875,9874,9874,9873,9873,9872,9872
9921,9921,9920,9920,9920,9919,9919,9919,9918,9918,9918,9917,9917,9917,9916,9916,9916,9915,9915,9915,9914,9914,9914,9913,9913,9912,9912,9911,9911,9910,9910,9909,9909,9908,9908,9907,9907,9906,9906,9905,9904,9904,9903,9903,9902,9902,9901,9899,9896,9894,9891,9889,9886,9884,9881,9881,9880,9880,9879,9879,9878,9878,9877,9877,9876,9876,9875,9875,9874,9874,9873,9873,9872,9872,9871,9871,9870,9870,9869,9869,9868
9919,9918,9918,9918,9917,9917,9917,9916,9916,9916,9915,9915,9915,9914,9914,9914,9913,9913,9913,9912,9912,9912,9911,9911,9911,9910,9910,9909,9908,9908,9907,9907,9906,9906,9905,9905,9904,9904,9903,9902,9902,9901,9901,9900,9900,9899,9899,9896,9893,9891,9888,9886,9883,9880,9878,9877,9877,9876,9876,9875,9875,9874,9874,9873,9873,9872,9872,9871,9871,9870,9870,9869,9869,9868,9868,9867,9867,9866,9865,9865,9864
9917,9916,9916,9916,9915,9915,9915,9914,9914,9914,9913,9913,9912,9912,9912,9911,9911,9911,9910,9910,9910,9909,9909,9909,9908,9908,9907,9907,9906,9905,9905,9904,9904,9903,9903,9902,9902,9901,9900,9900,9899,9899,9898,9898,9897,9896,9896,9893,9891,9888,9885,9883,9880,9877,9875,9874,9874,9873,9873,9872,9871,9871,9870,9870,9869,9869,9868,9868,9867,9867,9866,9866,9865,9865,9864,9864,9863,9862,9862,9861,9861
9915,9914,9914,9913,9913,9913,9912,9912,9912,9911,9911,9911,9910,9910,9909,9909,9909,9908,9908,9908,9907,9907,9907,9906,9906,9905,9905,9904,9904,9903,9902,9902,9901,9901,9900,9900,9899,9898,9898,9897,9897,9896,9896,9895,9894,9894,9893,9890,9888,9885,9882,9880,9877,9874,9871,9871,9870,9870,9869,9869,9868,9868,9867,9867,9866,9865,9865,9864,9864,9863,9863,9862,9862,9861,9861,9860,9859,9859,9858,9858,9857
9912,9912,9912,9911,9911,9911,9910,9910,9909,9909,9909,9908,9908,9908,9907,9907,9906,9906,9906,9905,9905,9905,9904,9904,9903,9903,9902,9902,9901,9901,9900,9899,9899,9898,9898,9897,9897,9896,9895,9895,9894,9894,9893,9892,9892,9891,9890,9888,9885,9882,9879,9877,9874,9871,9868,9868,9867,9867,9866,9865,9865,9864,9864,9863,9863,9862,9862,9861,9860,9860,9859,9859,9858,9858,9857,9857,9856,9855,9855,9854,9854
9910,9910,9909,9909,9909,9908,9908,9908,9907,9907,9906,9906,9906,9905,9905,9905,9904,9904,9903,9903,9903,9902,9902,9901,9901,9901,9900,9899,9899,9898,9898,9897,9896,9896,9895,9895,9894,9893,9893,9892,9892,9891,9890,9890,9889,9888,9888,9885,9882,9879,9876,9874,9871,9868,9865,9864,9864,9863,9863,9862,9862,9861,9860,9860,9859,9859,9858,9858,9857,9856,9856,9855,9855,9854,9854,9853,9852,9852,9851,9851,9850
9908,9908,9907,9907,9907,9906,9906,9905,9905,9905,9904,9904,9903,9903,9903,9902,9902,9902,9901,9901,9900,9900,9900,9899,9899,9898,9898,9897,9896,9896,9895,9895,9894,9893,9893,9892,9891,9891,9890,9890,9889,9888,9888,9887,9886,9886,9885,9882,9879,9876,9873,9871,9868,9865,9862,9861,9861,9860,9859,9859,9858,9858,9857,9857,9856,9855,9855,9854,9854,9853,9852,9852,9851,9851,9850,9849,9849,9848,9848,9847,9846
9906,9906,9905,9905,9904,9904,9904,9903,9903,9902,9902,9902,9901,9901,9900,9900,9900,9899,9899,9898,9898,9898,9897,9897,9896,9896,9895,9895,9894,9893,9893,9892,9891,9891,9890,9890,9889,9888,9888,9887,9886,9886,9885,9884,9884,9883,9882,9879,9876,9873,9871,9867,9864,9861,9858,9858,9857,9857,9856,9856,9855,9854,9854,9853,9853,9852,9851,9851,9850,9850,9849,9848,9848,9847,9847,9846,9845,9845,9844,9844,9843
9904,9903,9903,9903,9902,9902,9901,9901,9901,9900,9900,9899,9899,9899,9898,9898,9897,9897,9897,9896,9896,9895,9895,9894,9894,9893,9893,9892,9892,9891,9890,9890,9889,9888,9888,9887,9886,9886,9885,9884,9884,9883,9882,9882,9881,9880,9880,9877,9874,9871,9868,9864,9861,9858,9855,9855,9854,9853,9853,9852,9852,9851,9850,9850,9849,9849,9848,9847,9847,9846,9846,9845,9844,9844,9843,9842,9842,9841,9841,9840,9839
9902,9901,9901,9900,9900,9900,9899,9899,9898,9898,9898,9897,9897,9896,9896,9895,9895,9895,9894,9894,9893,9893,9893,9892,9892,9891,9890,9890,9889,9888,9888,9887,9886,9886,9885,9885,9884,9883,9883,9882,9881,9880,9880,9879,9878,9878,9877,9874,9871,9868,9865,9861,9858,9855,9852,9851,9851,9850,9850,9849,9848,9848,9847,9846,9846,9845,9845,9844,9843,9843,9842,9841,9841,9840,9840,9839,9838,9838,9837,9836,9836
9900,8999,9898,9898,9898,9897,9897,9897,9896,9896,9895,9895,9894,9894,9894,9893,9893,9892,9892,9891,9891,9891,9890,9890,9889,9889,9888,9887,9887,9886,9885,9885,9884,9883,9883,9882,9881,9881,9880,9879,9879,9878,9877,9876,9876,9875,9874,9871,9868,9865,9862,9858,9855,9852,9849,9848,9848,9847,9846,9846,9845,9844,9844,9843,9842,9842,9841,9841,9840,9839,9839,9838,9837,9837,9836,9835,9835,9834,9833,9833,9832
9897,8997,9897,9896,9896,9895,9895,9894,9894,9893,9893,9893,9892,9892,9891,9891,9890,9890,9890,9889,9889,9888,9888,9887,9887,9886,9886,9885,9884,9884,9883,9882,9882,9881,9880,9879,9879,9878,9877,9877,9876,9875,9875,9874,9873,9872,9872,9868,9865,9862,9859,9855,9852,9849,9846,9845,9844,9844,9843,9842,9842,9841,9840,9840,9839,9838,9838,9837,9836,9836,9835,9835,9834,9833,9833,9832,9831,9831,9830,9829,9829
9895,9895,9894,9894,9893,9893,9893,9892,9892,9891,9891,9890,9890,9889,9889,9889,9888,9888,9887,9887,9886,9886,9885,9885,9885,9884,9883,9883,9882,9881,9880,9880,9879,9878,9878,9877,9876,9876,9875,9874,9873,9873,9872,9871,9870,9870,9869,9866,9862,9859,9856,9852,9849,9846,9842,9842,9841,9840,9840,9839,9838,9838,9837,9836,9836,9835,9834,9834,9833,9832,9832,9831,9830,9830,9829,9828,9828,9827,9826,9826,9825
9893,9893,9892,9892,9891,9891,9890,9890,9889,9889,9889,9888,9888,9887,9887,9886,9886,9885,9885,9885,9884,9884,9883,9883,9882,9882,9881,9880,9879,9879,9878,9877,9877,9876,9875,9874,9874,9873,9872,9872,9871,9870,9869,9869,9868,9867,9866,9863,9860,9856,9853,9849,9846,9843,9839,9838,9838,9837,9836,9836,9835,9834,9834,9833,9832,9832,9831,9830,9830,9829,9828,9828,9827,9826,9826,9825,9824,9823,9823,9822,9821
9891,9890,9890,9890,9889,9889,9888,9888,9887,9887,9886,9886,9885,9885,9885,9884,9884,9883,9883,9882,9882,9881,9881,9880,9880,9879,9878,9878,9877,9876,9876,9875,9874,9873,9873,9872,9871,9870,9870,9869,9868,9867,9867,9866,9865,9864,9864,9860,9857,9853,9850,9846,9843,9839,9836,9835,9834,9834,9833,9832,9832,9831,9830,9830,9829,9828,9828,9827,9826,9826,9825,9824,9823,9823,9822,9821,9821,9820,9819,9819,9818
9889,9888,9888,9887,9887,9886,9886,9886,9885,9885,9884,9884,9883,9883,9882,9882,9881,9881,9880,9880,9879,9879,9878,9878,9877,9877,9876,9875,9875,9874,9873,9872,9872,9871,9870,9869,9869,9868,9867,9866,9866,9865,9864,9863,9863,9862,9861,9857,9854,9850,9847,9843,9840,9836,9833,9832,9831,9831,9830,9829,9828,9828,9827,9826,9826,9825,9824,9824,9823,9822,9821,9821,9820,9819,9819,9818,9817,9816,9816,9815,9814
9887,9886,9886,9885,9885,9884,9884,9883,9883,9882,9882,9881,9881,9880,9880,9879,9879,9879,9878,9878,9877,9877,9876,9876,9875,9874,9874,9873,9872,9871,9871,9870,9869,9868,9868,9867,9866,9865,9865,9864,9863,9862,9861,9861,9860,9859,9858,9855,9851,9848,9844,9840,9837,9833,9829,9829,9828,9827,9827,9826,9825,9824,9824,9823,9822,9822,9821,9820,9819,9819,9818,9817,9816,9816,9815,9814,9814,9813,9812,9811,9811
9885,9884,9884,9883,9883,9882,9882,9881,9881,9880,9880,9879,9879,9878,9878,9877,9877,9876,9876,9875,9875,9874,9874,9873,9873,9872,9871,9871,9870,9869,9868,9867,9867,9866,9865,9864,9864,9863,9862,9861,9860,9860,9859,9858,9857,9856,9856,9852,9848,9845,9841,9837,9834,9830,9826,9825,9825,9824,9823,9823,9822,9821,9820,9820,9819,9818,9817,9817,9816,9815,9814,9814,9813,9812,9812,9811,9810,9809,9809,9808,9807
9882,9882,9881,9881,9880,9880,9879,9879,9878,9878,9877,9877,9876,9876,9875,9875,9874,9874,9873,9873,9872,9872,9871,9871,9870,9870,9869,9868,9867,9867,9866,9865,9864,9863,9863,9862,9861,9860,9859,9859,9858,9857,9856,9855,9855,9854,9853,9849,9845,9842,9838,9834,9830,9827,9823,9822,9821,9821,9820,9819,9818,9818,9817,9816,9816,9815,9814,9813,9813,9812,9811,9810,9810,9809,9808,9807,9806,9806,9805,9804,9803
9880,9880,9879,9879,9878,9878,9877,9877,9876,9876,9875,9875,9874,9874,9873,9873,9872,9872,9871,9871,9870,9870,9869,9869,9868,9867,9867,9866,9865,9864,9863,9863,9862,9861,9860,9859,9858,9858,9857,9856,9855,9854,9854,9853,9852,9851,9850,9846,9843,9839,9835,9831,9827,9824,9820,9819,9818,9817,9817,9816,9815,9814,9814,9813,9812,9811,9811,9810,9809,9808,9808,9807,9806,9805,9805,9804,9803,9802,9801,9801,9800
9878,9878,9877,9877,9876,9876,9875,9874,9874,9873,9873,9872,9872,9871,9871,9870,9870,9869,9869,9868,9868,9867,9867,9866,9866,9865,9864,9863,9863,9862,9861,9860,9859,9858,9858,9857,9856,9855,9854,9853,9853,9852,9851,9850,9849,9848,9848,9844,9840,9836,9832,9828,9824,9820,9816,9816,9815,9814,9813,9813,9812,9811,9810,9810,9809,9808,9807,9806,9806,9805,9804,9803,9803,9802,9801,9800,9799,9799,9798,9797,9796
9876,9875,9875,9874,9874,9873,9873,9872,9872,9871,9871,9870,9870,9869,9869,9868,9868,9867,9866,9866,9865,9865,9864,9864,9863,9863,9862,9861,9860,9859,9858,9858,9857,9856,9855,9854,9853,9853,9852,9851,9850,9849,9848,9847,9847,9846,9845,9841,9837,9833,9829,9825,9821,9817,9813,9812,9812,9811,9810,9809,9809,9808,9807,9806,9805,9805,9804,9803,9802,9801,9801,9800,9799,9798,9797,9797,9796,9795,9794,9793,9793
9874,9873,9873,9872,9872,9871,9871,9870,9870,9869,9868,9868,9867,9867,9866,9866,9865,9865,9864,9864,9863,9863,9862,9861,9861,9860,9859,9859,9858,9857,9856,9855,9854,9853,9853,9852,9851,9850,9849,9848,9847,9847,9846,9845,9844,9843,9842,9838,9834,9830,9826,9822,9818,9814,9810,9809,9808,9808,9807,9806,9805,9804,9804,9803,9802,9801,9800,9800,9799,9798,9797,9796,9796,9795,9794,9793,9792,9792,9791,9790,9789
9872,9871,9871,9870,9869,9869,9868,9868,9867,9867,9866,9866,9865,9865,9864,9864,9863,9862,9862,9861,9861,9860,9860,9859,9859,9858,9857,9856,9855,9854,9854,9853,9852,9851,9850,9849,9848,9847,9847,9846,9845,9844,9843,9842,9841,9840,9839,9835,9831,9827,9823,9819,9815,9811,9807,9806,9805,9804,9804,9803,9802,9801,9800,9799,9799,9798,9797,9796,9795,9795,9794,9793,9792,9791,9790,9790,9789,9788,9787,9786,9785
9869,9869,9868,9868,9867,9867,9866,9866,9865,9865,9864,9863,9863,9862,9862,9861,9861,9860,9860,9859,9858,9858,9857,9857,9856,9855,9855,9854,9853,9852,9851,9850,9849,9848,9848,9847,9846,9845,9844,9843,9842,9841,9840,9840,9839,9838,9837,9833,9829,9824,9820,9816,9812,9808,9803,9803,9802,9801,9800,9799,9799,9798,9797,9796,9795,9794,9794,9793,9792,9791,9790,9789,9789,9788,9787,9786,9785,9784,9784,9783,9782
9867,9867,9866,9866,9865,9865,9864,9863,9863,9862,9862,9861,9861,9860,9859,9859,9858,9858,9857,9857,9856,9856,9855,9854,9854,9853,9852,9851,9850,9850,9849,9848,9847,9846,9845,9844,9843,9842,9841,9841,9840,9839,9838,9837,9836,9835,9834,9830,9826,9821,9817,9813,9809,9805,9800,9799,9799,9798,9797,9796,9795,9794,9794,9793,9792,9791,9790,9789,9789,9788,9787,9786,9785,9784,9783,9783,9782,9781,9780,9779,9778
9865,9865,9864,9863,9863,9862,9862,9861,9861,9860,9860,9859,9858,9858,9857,9857,9856,9856,9855,9854,9854,9853,9853,9852,9851,9851,9850,9849,9848,9847,9846,9845,9844,9843,9843,9842,9841,9840,9839,9838,9837,9836,9835,9834,9833,9832,9831,9827,9823,9819,9814,9810,9806,9801,9797,9796,9795,9794,9794,9793,9792,9791,9790,9789,9789,9788,9787,9786,9785,9784,9783,9783,9782,9781,9780,9779,9778,9777,9776,9776,9775
9863,9862,9862,9861,9861,9860,9860,9859,9858,9858,9857,9857,9856,9856,9855,9854,9854,9853,9853,9852,9851,9851,9850,9850,9849,9848,9847,9846,9846,9845,9844,9843,9842,9841,9840,9839,9838,9837,9836,9835,9834,9834,9833,9832,9831,9830,9829,9824,9820,9816,9811,9807,9803,9799,9794,9793,9792,9791,9790,9789,9789,9788,9787,9786,9785,9784,9783,9783,9782,9781,9780,9779,9778,9777,9776,9776,9775,9774,9773,9772,9771
9861,9860,9860,9859,9859,9858,9857,9857,9856,9856,9855,9854,9854,9853,9853,9852,9851,9851,9850,9850,9849,9849,9848,9847,9847,9846,9845,9844,9843,9842,9841,9840,9839,9838,9838,9837,9836,9835,9834,9833,9832,9831,9830,9829,9828,9827,9826,9822,9817,9813,9808,9804,9799,9795,9790,9790,9789,9788,9787,9786,9785,9784,9784,9783,9782,9781,9780,9779,9778,9777,9776,9776,9775,9774,9773,9772,9771,9770,9769,9768,9767
9859,9858,9858,9857,9856,9856,9855,9855,9854,9853,9853,9852,9852,9851,9850,9850,9849,9849,9848,9847,9847,9846,9846,9845,9844,9844,9843,9842,9841,9840,9839,9838,9837,9836,9835,9834,9833,9832,9831,9830,9829,9828,9827,9826,9825,9824,9823,9819,9814,9810,9805,9801,9796,9792,9787,9786,9786,9785,9784,9783,9782,9781,9780,9779,9778,9778,9777,9776,9775,9774,9773,9772,9771,9770,9769,9768,9768,9767,9766,9765,9764
9857,9856,9855,9855,9854,9854,9853,9852,9852,9851,9851,9850,9849,9849,9848,9848,9847,9846,9846,9845,9844,9844,9843,9843,9842,9841,9840,9839,9838,9837,9836,9835,9834,9833,9832,9832,9831,9830,9829,9828,9827,9826,9825,9824,9823,9822,9821,9816,9812,9807,9802,9798,9793,9789,9784,9783,9782,9781,9780,9780,9779,9778,9777,9776,9775,9774,9773,9772,9771,9770,9770,9769,9768,9767,9766,9765,9764,9763,9762,9761,9760
9854,9854,9853,9853,9852,9851,9851,9850,9850,9849,9848,9848,9847,9846,9846,9845,9845,9844,9843,9843,9842,9841,9841,9840,9840,9839,9838,9837,9836,9836,9834,9833,9832,9831,9830,9829,9828,9827,9826,9825,9824,9823,9822,9821,9820,9819,9818,9813,9809,9804,9799,9795,9790,9785,9781,9780,9779,9778,9777,9776,9775,9774,9773,9773,9772,9771,9770,9769,9768,9767,9766,9765,9764,9763,9762,9761,9760,9760,9759,9758,9757
9852,9852,9851,9850,9850,9849,9849,9848,9847,9847,9846,9845,9845,9844,9844,9843,9842,9842,9841,9840,9840,9839,9839,9838,9837,9836,9835,9834,9833,9832,9831,9830,9829,9828,9827,9827,9825,9824,9823,9822,9821,9820,9819,9818,9817,9816,9815,9811,9806,9801,9797,9792,9787,9782,9778,9777,9776,9775,9774,9773,9772,9771,9770,9769,9768,9767,9766,9765,9764,9764,9763,9762,9761,9760,9759,9758,9757,9756,9755,9754,9753
9850,9850,9849,9848,9848,9847,9846,9846,9845,9844,9844,9843,9843,9842,9841,9841,9840,9839,9839,9838,9837,9837,9836,9836,9835,9834,9833,9832,9831,9830,9829,9828,9827,9826,9825,9824,9823,9822,9821,9820,9819,9818,9817,9816,9815,9814,9813,9808,9803,9798,9794,9789,9784,9779,9774,9773,9772,9771,9771,9770,9769,9768,9767,9766,9765,9764,9763,9762,9761,9760,9759,9758,9757,9756,9755,9754,9753,9752,9751,9750,9749
9848,9847,9847,9846,9845,9845,9844,9844,9843,9842,9842,9841,9840,9840,9839,9838,9838,9837,9836,9836,9835,9834,9834,9833,9833,9832,9831,9830,9829,9828,9827,9826,9824,9823,9822,9821,9820,9819,9818,9817,9816,9815,9814,9813,9812,9811,9810,9805,9800,9795,9791,9786,9781,9776,9771,9770,9769,9768,9767,9766,9765,9764,9763,9762,9762,9761,9760,9759,9758,9757,9756,9755,9754,9753,9752,9751,9750,9749,9748,9747,9746
0000,0000,0000,0000,0000,0000,0000,0000,0000,0000,0000,0000,0000,0000,0000,0000,0000,0000,0000,0000,0000,0000.0000,0000,0000,0000,0000,0000,0000,0000,0000,0000,9824,9823.9822,9821,9820,9819,9818,9817,9816,9815,9814,9813,9812,9811,9810,9809,9808,9807,9802,9797,9793,9788,0000.0000,0000,0000,0000,0000,0000,0000,0000,0000,0000,0000,0000,0000,0000,0000,0000,0000,0000,0000,0000.0000,0000,0000,0000,0000,0000
0000,0000,0000,0000,0000,0000,0000,0000,0000,0000,0000,0000,0000,0000,0000,0000,0000,0000,0000,0000,0000.0000,0000,0000,0000,0000,0000,0000,0000,0000,0000,9822,9821,9820,9818,9817,9816,9815,9814,9813,9812,9811,9810,9810,9809,9808,9807,9806,9805,9800,9795,9790,9785,0000,0000,0000,0000,0000,0000,0000,0000,0000,0000,0000,0000,0000,0000,0000,0000,0000,0000,0000.0000,0000,0000,0000,0000,0000,0000,0000,0000
0000,0000,0000,0000,0000,0000,0000,0000,0000,0000,0000,0000,0000,0000,0000,0000,0000,0000,0000,0000,0000.0000,0000,0000,0000,0000,0000,0000,0000,0000,0000,9819,9818,9817,9816,9815,9814,9813,9812,9811,9810,9808,9807,9806,9805,9804,9803,9002,9802,9797,9792,9787,9782,0000,0000,0000,0000,0000,0000,0000,0000,0000,0000,0000,0000,0000,0000,0000,0000.0000,0000,0000,0000,0000,0000,0000,0000,0000,0000,0000,0000
0000,0000,0000,0000,0000,0000,0000,0000,0000,0000,0000,0000,0000,0000,0000,0000,0000,0000,0000,0000,0000.0000,0000,0000,0000,0000,0000,0000,0000,0000,0000,9817,9816,9815,9813,9812,9811,9810,9809,9808,9807,9806,9805,9805,9804,9803,9801,9800,9799,9794,9789,9784,9779,0000,0000,0000,0000,0000,0000,0000,0000,0000,0000,0000,0000,0000,0000,0000.0000,0000,0000,0000,0000,0000,0000,0000,0000,0000,0000,0000,0000
0000,0000,0000,0000,0000,0000,0000,0000,0000,0000,0000,0000,0000,0000,0000,0000,0000,0000,0000,0000,0000.0000,0000,0000,0000,0000,0000,0000,0000,0000,0000,9814,9813,9812,9811,9810,9809,9808,9807,9805,9804,9803,9802,9801,9800,9800,9799,9798,9796,9791,9786,9781,9776,0000,0000,0000,0000,0000,0000,0000,0000,0000,0000,0000,0000,0000,0000.0000,0000,0000,0000,0000,0000,0000,0000,0000,0000,0000,0000,0000,0000
0000,0000,0000,0000,0000,0000,0000,0000,0000,0000,0000,0000,0000,0000,0000,0000,0000,0000,0000,0000,0000.0000,0000,0000,0000,0000,0000,0000,0000,0000,0000,9812,9811,9810,9809,9808,9807,9806,9805,9804,9803,9802,9801,9800,9798,9797,9796,9795,9794,9789,9783,9778,9773,0000,0000,0000,0000,0000,0000,0000,0000,0000,0000,0000,0000,0000,0000.0000,0000,0000,0000,0000,0000,0000,0000,0000,0000,0000,0000,0000,0000
0000,0000,0000,0000,0000,0000,0000,0000,0000,0000,0000,0000,0000,0000,0000,0000,0000,0000,0000,0000,0000,0000,0000,0000,0000,0000,0000,0000,0000,0000,0000,0000,9809,9808,9807,9806,9805,9804,9803,9801,9800,9799,9798,9797,9796,9795,9793,9792,9791,9786,9780,9775,9770,0000,0000,0000,0000,0000,0000,0000,0000,0000,0000,0000,0000,0000,0000,0000.0000,0000,0000,0000,0000,0000,0000,0000,0000,0000,0000,0000,0000
0000,0000,0000,0000,0000,0000,0000,0000,0000,0000,0000,0000,0000,0000,0000,0000,0000,0000,0000,0000,0000,0000,0000,0000,0000,0000,0000,0000,0000,0000,0000,0000,9807,9806,9805,9803,9802,9801,9800,9799,9798,9797,9795,9794,9793,9792,9791,9790,9788,9783,9778,9772,9767,0000,0000,0000,0000,0000,0000,0000,0000,0000,0000,0000,0000,0000,0000.0000,0000,0000,0000,0000,0000,0000,0000,0000,0000,0000,0000,0000,0000
0000,0000,0000,0000,0000,0000,0000,0000,0000,0000,0000,0000,0000,0000,0000,0000,0000,0000,0000,0000,0000,0000,0000,0000,0000,0000,0000,0000,0000,0000,0000,9804,9803,9802,9801,9800,9799,9798,9796,9795,9794,9793,9793,9792,9790,9789,9788,9787,9786,9780,9775,9769,9764,0000,0000,0000,0000,0000,0000,0000,0000,0000,0000,0000,0000,0000,0000.0000,0000,0000,0000,0000,0000,0000,0000,0000,0000,0000,0000,0000,0000